qAJ99,Green
Mike92,Redapple
Jerry123,Smithing
admin123,admins
Xylo45,BlueWave
Stark77,Metallic
Emma300,Cloud
Matrix22,Firestone
Chris211,Silver
Alex88,Dragonfly
Beta001,Sunshine
Zoe41,Rainbow
Leo99,Oakwood
Sam66,Storm
Rick94,Ironclad
Zara12,Starfire
Viper45,Shadows
Ruby77,Autumn
Raven88,Glacier
Zero123,Thunder
Lily22,Cosmic
Max44,Blackstone
Omega88,Emerald
Ace33,Midnight
Nova111,Blaze
Luna234,Silvermoon
Ace22,Redhawk
Jet56,Crystal
Ron78,Frostbite
Emma77,Nightfall
Neo12,Volcano
Finn84,Ruby
Zack01,Titanium
Kim54,Silverfox
Axel33,Moonlight
Thor89,Blizzard
Peter21,Sunset
Emily44,Blossom
Leo56,Ember
Quinn12,Sapphire
Griffin43,Stormcloud
Toby99,Shimmer
Mia123,Cloudburst
Jack45,Ironwood
Ash34,Goldleaf
Ava22,Blackrose
Will78,Dragonfire
Ivy91,Peacock
Peter56,Iceflare
Leo123,Thunderstrike
Rina34,Firefly
Finn22,Flameheart
Owen33,Steel
Andy45,Moonshadow
Jake22,Sunfire
Vicky56,Sapphire
Mark99,Snowstorm
Sarah77,Daydream
Lucas34,Cinder
Jack33,Onyx
Oliver23,Ironforge
Violet11,Starlight
Noah88,Silverlake
Mia22,Whiteout
Nia44,Windstorm
Emma56,Autumnwind
Toby99,Firestorm
Finn44,Obsidian
Emily23,Nightshade
Kyle77,Blaze
Drew22,Stormwatch
Carla12,Misty
Ethan34,Sunray
Kate99,Oceanbreeze
Logan45,Firewing
Nate22,Thunderclap
Ella77,Nightmare
Max44,Silvershadow
Lily99,Stormrage
Ben123,Darkfire
Mia45,Flameburst
George12,Shiningstar
Alex123,Starlight
Rachel33,Emberstorm
Paul99,Wildfire
Lucy22,Sunflare
James33,Silverstar
Noah44,Stormforge
Will56,Shadowflame
Jack12,Sunblaze
Zack44,Darkwave
Kelly78,Glowstone
Sophie11,Stormbringer
Ryan99,Sunburst
Mia56,Starburst
Aaron44,Shadowfire
Lily22,Thunderfall
Luke88,Nebula
Ruby45,Ironbreeze
Zara11,Crystalwind